{
  "metadata": {
    "name": "Sáng Tác Việt",
    "author": "Darkrai",
    "version": 1,
    "source": "https://sangtacviet.com",
    "icon": "https://raw.githubusercontent.com/Darkrai9x/extensions/master/sangtacviet/icon.png",
    "url": "https://raw.githubusercontent.com/Darkrai9x/extensions/master/sangtacviet/plugin.zip",
    "regexp": "(www.)?sangtacviet.com/[a-z]+/[a-z]+/\\d+/\\d+/?$",
    "description": "Đọc truyện trên trang Sáng Tác Việt",
    "local": "vi-VN",
    "language": "javascript",
    "type": "novel"
  },
  "script": {
    "detail": "detail.js",
    "toc": "toc.js",
    "chap": "chap.js"
  }
}