{
    "metadata": {
        "name": "Sáng Tác Việt",
        "author": "vBook",
        "version": 7,
        "source": "https://sangtacviet.vip",
        "regexp": "(www.)?sangtacviet.(pro|vip|com)/truyen/([a-zA-Z0-9])+/\\d+/\\d+/?$",
        "description": "",
        "locale": "vi-VN",
        "language": "javascript",
        "type": "novel",
        "encrypt": true
    },
    "script": {
        "home": "home.js",
        "genre": "genre.js",
        "search": "search.js",
        "detail": "detail.js",
        "toc": "toc.js",
        "chap": "chap.js"
    }
}