{
    "metadata": {
        "name": "Bạch Ngọc Sách",
        "author": "vBook",
        "version": 1,
        "source": "https://bachngocsach.com/reader/",
        "regexp": "bachngocsach.com/reader/[^/]+/?$",
        "description": "Đọc truyện trên trang bachngocsach.com/reader",
        "local": "vi-VN",
        "language": "lua"
    },
    "script": {
        "home": "home.lua",
        "genre": "genre.lua",
        "search": "search.lua",
        "detail": "detail.lua",
        "page": "page.lua",
        "toc": "toc.lua",
        "chap": "chap.lua"
    }
}