{
    "metadata": {
        "name": "Bạch Ngọc Sách",
        "author": "vBook",
        "version": 7,
        "source": "https://bachngocsach.com.vn/reader",
        "regexp": "(bachngocsach.com|truyenbns.com|bachngocsach.com.vn)/reader/[^/]+/?$",
        "description": "Đọc truyện trên trang bachngocsach.com.vn/reader",
        "locale": "vi_VN",
        "type": "novel",
        "language": "javascript"
    },
    "script": {
        "home": "home.js",
        "genre": "genre.js",
        "search": "search.js",
        "detail": "detail.js",
        "toc": "toc.js",
        "chap": "chap.js"
    }
}