{
    "metadata": {
        "name": "Bạch Ngọc Sách",
        "author": "vBook",
        "version": 2,
        "source": "https://bachngocsach.com/reader",
        "regexp": "bachngocsach.com/reader/[^/]+/?$",
        "description": "Đọc truyện trên trang bachngocsach.com/reader",
        "local": "vi-VN",
        "language": "javascript"
    },
    "script": {
        "home": "home.js",
        "genre": "genre.js",
        "search": "search.js",
        "detail": "detail.js",
        "toc": "toc.js",
        "chap": "chap.js"
    }
}