{
    "metadata": {
        "name": "Bạch Ngọc Sách",
        "author": "vBook",
        "version": 6,
        "source": "https://truyenbns.com/reader",
        "regexp": "(bachngocsach|truyenbns).com/reader/[^/]+/?$",
        "description": "Đọc truyện trên trang truyenbns.com/reader",
        "locale": "vi_VN",
        "type": "novel",
        "language": "javascript"
    },
    "script": {
        "home": "home.js",
        "genre": "genre.js",
        "search": "search.js",
        "detail": "detail.js",
        "toc": "toc.js",
        "chap": "chap.js"
    }
}