{
  "metadata": {
    "name": "TruyệnTR",
    "author": "vBook",
    "version": 4,
    "source": "https://truyentr.info",
    "regexp": "(www.)?truyentr.(vn|info)/truyen/[^/]+/?$",
    "description": "Đọc truyện trên trang TruyệnTR",
    "locale": "vi_VN",
    "type": "novel",
    "language": "javascript"
  },
  "script": {
    "home": "home.js",
    "genre": "genre.js",
    "detail": "detail.js",
    "search": "search.js",
    "page": "page.js",
    "toc": "toc.js",
    "chap": "chap.js"
  }
}