{
  "metadata": {
    "name": "Truyện CV",
    "author": "vBook",
    "version": 1,
    "source": "https://metruyencv.com",
    "regexp": "(www.)?api.mottruyen.com/story/.*?$",
    "description": "Đọc truyện trên trang Truyện CV",
    "locale": "vi_VN",
    "language": "javascript",
    "encrypt": true
  },
  "script": {
    "home": "home.js",
    "genre": "genre.js",
    "detail": "detail.js",
    "search": "search.js",
    "toc": "toc.js",
    "chap": "chap.js"
  }
}