{
  "metadata": {
    "name": "Mê Đọc Truyện Tranh",
    "author": "vBook",
    "version": 3,
    "source": "https://www.medoctruyentranh.net",
    "regexp": "(www.|m.)?medoctruyentranh.net/truyen-tranh/[0-9a-z-]+\\d+/?$",
    "description": "Đọc truyện trên trang Mê Đọc Truyện Tranh",
    "locale": "vi_VN",
    "language": "javascript",
    "type": "comic"
  },
  "script": {
    "home": "home.js",
    "genre": "genre.js",
    "detail": "detail.js",
    "search": "search.js",
    "toc": "toc.js",
    "chap": "chap.js"
  }
}