{
  "metadata": {
    "name": "Truyện YY",
    "author": "vBook",
    "version": 15,
    "source": "https://truyenyy.xyz",
    "regexp": "(www.)?truyenyy.([a-z]+)/truyen/[0-9a-z-]+/?$",
    "description": "Đọc truyện trên trang Truyện YY",
    "locale": "vi_VN",
    "type": "novel",
    "language": "javascript"
  },
  "script": {
    "home": "home.js",
    "genre": "genre.js",
    "detail": "detail.js",
    "search": "search.js",
    "page": "page.js",
    "toc": "toc.js",
    "chap": "chap.js"
  }
}