{
  "metadata": {
    "name": "Truyện YY",
    "author": "vBook",
    "version": 1,
    "source": "https://truyenyy.vn",
    "regexp": "(www.)?truyenyy.(com|vn)/truyen/[0-9a-z-]+/?$",
    "description": "Đọc truyện trên trang Truyện YY",
    "local": "vi-VN",
    "language": "lua"
  },
  "script": {
    "home": "home.lua",
    "genre": "genre.lua",
    "detail": "detail.lua",
    "search": "search.lua",
    "page": "page.lua",
    "toc": "toc.lua",
    "chap": "chap.lua"
  }
}