{
  "metadata": {
    "name": "Say Truyện",
    "author": "vBook",
    "version": 7,
    "source": "https://saytruyenhay.com",
    "regexp": "(www.)?saytruyenhay(vip)?.(net|tv|com|us)/[^/]+.html$",
    "description": "Đọc truyện trên trang Say Truyện",
    "locale": "vi_VN",
    "language": "javascript",
	"type": "comic"
  },
  "script": {
    "home": "home.js",
    "genre": "genre.js",
    "detail": "detail.js",
    "search": "search.js",
    "toc": "toc.js",
    "chap": "chap.js"
  }
}