{
  "metadata": {
    "name": "Wiki Dịch",
    "author": "Darkrai",
    "version": 4,
    "source": "https://wikidich.com/",
    "icon": "https://raw.githubusercontent.com/Darkrai9x/extensions/master/wikidich/icon.png",
    "url": "https://raw.githubusercontent.com/Darkrai9x/extensions/master/wikidich/plugin.zip",
    "regexp": "(www.)?wikidich.com/truyen/[^/]+/?$",
    "description": "Đọc truyện trên trang Wiki Dịch",
    "local": "vi-VN",
    "language": "javascript"
  },
  "script": {
    "home": "home.js",
    "genre": "genre.js",
    "detail": "detail.js",
    "search": "search.js",
    "toc": "toc.js",
    "chap": "chap.js"
  },
  "config": {
    "thread_num": 1,
    "delay": 1500
  }
}