{
  "metadata": {
    "name": "Wiki Dịch",
    "author": "vBook",
    "version": 7,
    "source": "https://wikidth.net",
    "regexp": "(www.)?(wikidich.com|wikidth.com|wikidth.net|wikinu.net)/truyen/[^/]+/?$",
    "description": "Đọc truyện trên trang Wiki Dịch",
    "locale": "vi_VN",
    "type": "novel",
    "language": "javascript"
  },
  "script": {
    "home": "home.js",
    "genre": "genre.js",
    "detail": "detail.js",
    "search": "search.js",
    "toc": "toc.js",
    "chap": "chap.js"
  },
  "config": {
    "thread_num": 1,
    "delay": 3000
  }
}