{
  "metadata": {
    "name": "Gác Sách",
    "author": "vBook",
    "version": 1,
    "source": "https://gacsach.com",
    "regexp": "(www.)?gacsach.com(/doc-sach-truc-tuyen/\\d+/.*?.html$|/[^/]+/?$)",
    "description": "Đọc truyện trên trang Gác Sách",
    "local": "vi-VN",
    "language": "lua"
  },
  "script": {
    "home": "home.lua",
    "genre": "genre.lua",
    "detail": "detail.lua",
    "search": "search.lua",
    "toc": "toc.lua",
    "chap": "chap.lua"
  }
}