{
  "metadata": {
    "name": "Gác Sách",
    "author": "vBook",
    "version": 3,
    "source": "https://gacsach.com",
    "regexp": "(www.)?gacsach.com(/sach-truc-tuyen/\\d+/.*?.html$|/[^/]+/?$)",
    "description": "Đọc truyện trên trang Gác Sách",
    "local": "vi-VN",
    "language": "javascript"
  },
  "script": {
    "home": "home.js",
    "genre": "genre.js",
    "detail": "detail.js",
    "search": "search.js",
    "toc": "toc.js",
    "chap": "chap.js"
  }
}