{
  "metadata": {
    "name": "QManga",
    "author": "vBook",
    "version": 6,
    "source": "https://qmanga3.net",
    "regexp": "(www.)?(qmanga|qmanga2|qmanga3).(net|co|com)/[^/]+.html$",
    "description": "Đọc truyện trên trang QManga",
    "locale": "vi_VN",
    "language": "javascript",
    "type": "comic"
  },
  "script": {
    "home": "home.js",
    "genre": "genre.js",
    "detail": "detail.js",
    "search": "search.js",
    "toc": "toc.js",
    "chap": "chap.js"
  }
}