{
  "metadata": {
    "name": "Mê Đọc Truyện Chữ",
    "author": "Darkrai",
    "version": 1,
    "source": "https://www.medoctruyenchu.net",
    "icon": "https://raw.githubusercontent.com/Darkrai9x/extensions/master/medoctruyenchu/icon.png",
    "url": "https://raw.githubusercontent.com/Darkrai9x/extensions/master/medoctruyenchu/plugin.zip",
    "regexp": "(www.|m.)?medoctruyenchu.net/tieu-thuyet/[0-9a-z-]+\\d+/?$",
    "description": "Đọc truyện trên trang Mê Đọc Truyện Chữ",
    "local": "vi-VN",
    "language": "lua",
    "type": "novel"
  },
  "script": {
    "home": "home.lua",
    "genre": "genre.lua",
    "detail": "detail.lua",
    "search": "search.lua",
    "toc": "toc.lua",
    "chap": "chap.lua"
  }
}