{
  "metadata": {
    "name": "Mê Đọc Truyện Chữ",
    "author": "vBook",
    "version": 2,
    "source": "https://www.medoctruyenchu.net",
    "regexp": "(www.|m.)?medoctruyenchu.net/tieu-thuyet/[0-9a-z-]+\\d+/?$",
    "description": "Đọc truyện trên trang Mê Đọc Truyện Chữ",
    "local": "vi-VN",
    "language": "javascript",
    "type": "novel"
  },
  "script": {
    "home": "home.js",
    "genre": "genre.js",
    "detail": "detail.js",
    "search": "search.js",
    "toc": "toc.js",
    "chap": "chap.js"
  }
}