{
  "metadata": {
    "name": "TruyệnHD",
    "author": "vBook",
    "version": 11,
    "source": "https://truyenhdx.com",
    "regexp": "(www.)?(truyenvkl.com|s2.truyenhd.com|s3.truyenhd.com|truyenhd1.com|truyenhdz.com|truyenhdd.com|truyenhdx.com)/truyen/.*?",
    "description": "Đọc truyện trên trang TruyệnHD",
    "locale": "vi_VN",
    "type": "novel",
    "language": "javascript",
    "tag": "nsfw"
  },
  "script": {
    "home": "home.js",
    "genre": "genre.js",
    "detail": "detail.js",
    "page": "page.js",
    "toc": "toc.js",
    "chap": "chap.js"
  }
}