{
  "metadata": {
    "name": "U Mê Truyện",
    "author": "vBook",
    "version": 8,
    "source": "https://umetruyenvip.com",
    "regexp": "(www.)?umetruyen.*?/[^/]+.html$",
    "description": "Đọc truyện trên trang U Mê Truyện",
    "locale": "vi_VN",
    "language": "javascript",
    "type": "comic"
  },
  "script": {
    "home": "home.js",
    "genre": "genre.js",
    "detail": "detail.js",
    "search": "search.js",
    "toc": "toc.js",
    "chap": "chap.js"
  }
}