{
  "metadata": {
    "name": "HentaiVN",
    "author": "vBook",
    "version": 20,
    "source": "https://hentaivn.tv",
    "regexp": "(www.)?hentaivn.[a-z]+/\\d+-[^/]+.html$",
    "description": "Đọc truyện trên trang HentaiVN",
    "locale": "vi_VN",
    "language": "javascript",
    "type": "comic",
    "tag": "nsfw"
  },
  "script": {
    "home": "home.js",
    "genre": "genre.js",
    "detail": "detail.js",
    "search": "search.js",
    "toc": "toc.js",
    "chap": "chap.js"
  }
}