{
  "metadata": {
    "name": "HentaiVN",
    "author": "vBook",
    "version": 15,
    "source": "https://hentaivn.team",
    "regexp": "(www.)?hentaivn.(net|tv|moe|fun|la|in|life|de|run|team)/\\d+-[^/]+.html$",
    "description": "Đọc truyện trên trang HentaiVN",
    "locale": "vi_VN",
    "language": "javascript",
    "type": "comic",
    "tag": "nsfw"
  },
  "script": {
    "home": "home.js",
    "genre": "genre.js",
    "detail": "detail.js",
    "search": "search.js",
    "toc": "toc.js",
    "chap": "chap.js"
  }
}