{
  "metadata": {
    "name": "HentaiVN",
    "author": "vBook",
    "version": 2,
    "source": "https://hentaivn.net",
    "regexp": "(www.)?hentaivn.net/\\d+-[^/]+.html$",
    "description": "Đọc truyện trên trang HentaiVN",
    "local": "vi-VN",
    "language": "javascript",
    "type": "comic",
    "tag": "nsfw"
  },
  "script": {
    "home": "home.js",
    "genre": "genre.js",
    "detail": "detail.js",
    "search": "search.js",
    "toc": "toc.js",
    "chap": "chap.js"
  }
}