{
  "metadata": {
    "name": "Truyện QQ",
    "author": "vBook",
    "version": 2,
    "source": "https://truyenqq.com/",
    "regexp": "(www.)?truyenqq.com/truyen-tranh/[0-9a-z-]+/?$",
    "description": "Đọc truyện trên trang Truyện QQ",
    "local": "vi-VN",
    "language": "lua",
    "type": "comic"
  },
  "script": {
    "home": "home.lua",
    "genre": "genre.lua",
    "detail": "detail.lua",
    "search": "search.lua",
    "toc": "toc.lua",
    "chap": "chap.lua"
  }
}