{
  "metadata": {
    "name": "Truyện QQ",
    "author": "vBook",
    "version": 4,
    "source": "https://truyenqq.net",
    "regexp": "(www.)?truyenqq.(com|net)/truyen-tranh/[0-9a-z-]+/?$",
    "description": "Đọc truyện trên trang Truyện QQ",
    "local": "vi-VN",
    "language": "javascript",
    "type": "comic"
  },
  "script": {
    "home": "home.js",
    "genre": "genre.js",
    "detail": "detail.js",
    "search": "search.js",
    "toc": "toc.js",
    "chap": "chap.js"
  }
}