{
  "metadata": {
    "name": "Truyện QQ",
    "author": "Darkrai",
    "version": 2,
    "source": "https://truyenqq.com/",
    "icon": "https://raw.githubusercontent.com/Darkrai9x/extensions/master/truyenqq/icon.png",
    "url": "https://raw.githubusercontent.com/Darkrai9x/extensions/master/truyenqq/plugin.zip",
    "regexp": "(www.)?truyenqq.com/truyen-tranh/[0-9a-z-]+/?$",
    "description": "Đọc truyện trên trang Truyện QQ",
    "local": "vi-VN",
    "language": "lua",
    "type": "comic"
  },
  "script": {
    "home": "home.lua",
    "genre": "genre.lua",
    "detail": "detail.lua",
    "search": "search.lua",
    "toc": "toc.lua",
    "chap": "chap.lua"
  }
}