{
  "metadata": {
    "name": "vTruyện",
    "author": "vBook",
    "version": 10,
    "source": "https://vtruyen.com",
    "regexp": "(www.)?vtruyen.com/truyen/[^/]+/?$",
    "description": "Đọc truyện trên trang vTruyện",
    "locale": "vi_VN",
    "type": "novel",
    "language": "javascript",
    "encrypt": true
  },
  "script": {
    "detail": "detail.js",
    "toc": "toc.js",
    "chap": "chap.js",
    "home": "home.js",
    "genre": "genre.js",
    "search": "search.js"
  }
}