{
  "metadata": {
    "name": "Nhà sách miễn phí",
    "author": "Fus",
    "version": 1,
    "source": "https://nhasachmienphi.com/tat-ca-sach",
    "regexp": "(www.)?nhasachmienphi.com/[a-zA-Z0-9-]+/?$",
    "description": "Thư Viện Ebook Miễn Phí",
    "local": "vi-VN",
    "language": "javascript",
     "type": "ebook"
  },
  "script": {
    "home": "home.js",
    "genre": "genre.js",
    "detail": "detail.js",
    "search": "search.js",
    "toc": "toc.js",
    "chap": "chap.js"
  }
}