{
  "metadata": {
    "name": "Beeng",
    "author": "Darkrai",
    "version": 3,
    "source": "https://beeng.net",
    "icon": "https://raw.githubusercontent.com/Darkrai9x/extensions/master/beeng/icon.png",
    "url": "https://raw.githubusercontent.com/Darkrai9x/extensions/master/beeng/plugin.zip",
    "regexp": "(www.)?beeng.net/truyen-tranh-online/[^/]+\\d+/?$",
    "description": "Đọc truyện trên trang Beeng.net",
    "local": "vi-VN",
    "language": "javascript",
    "type": "comic"
  },
  "script": {
    "home": "home.js",
    "genre": "genre.js",
    "detail": "detail.js",
    "search": "search.js",
    "toc": "toc.js",
    "chap": "chap.js"
  }
}