{
  "metadata": {
    "name": "Hentai2Read",
    "author": "Nhocconsr",
    "version": 1,
    "source": "https://hentai2read.com",
    "regexp": "(www.)?hentai2read.com/[^/]+/?",
    "description": "Đọc truyện trên trang Hentai2read.com",
    "local": "vi-VN",
    "language": "javascript",
    "type": "comic",
    "tag": "nsfw"
  },
  "script": {
    "home": "home.js",
    "genre": "genre.js",
    "detail": "detail.js",
    "search": "search.js",
    "toc": "toc.js",
    "chap": "chap.js"
  }
}