{
  "metadata": {
    "name": "Sàn Truyện",
    "author": "vBook",
    "version": 2,
    "source": "http://santruyen.com",
    "regexp": "(www.)?santruyen.com/[^/]+.html$",
    "description": "Đọc truyện trên trang Sàn Truyện",
    "locale": "vi_VN",
    "language": "javascript",
    "type": "novel"
  },
  "script": {
    "home": "home.js",
    "genre": "genre.js",
    "detail": "detail.js",
    "search": "search.js",
    "toc": "toc.js",
    "chap": "chap.js"
  }
}