{
  "metadata": {
    "name": "Net Truyện",
    "author": "vBook",
    "version": 7,
    "source": "http://www.nettruyengo.com",
    "regexp": "(www.)?(nhattruyen.com|nettruyen.com|nettruyentop.com|nettruyenvip.com|nettruyenpro.com|nettruyengo.com)/truyen-tranh/[^/]+/?$",
    "description": "Đọc truyện trên trang Net Truyện",
    "locale": "vi_VN",
    "language": "javascript",
    "type": "comic"
  },
  "script": {
    "home": "home.js",
    "genre": "genre.js",
    "detail": "detail.js",
    "search": "search.js",
    "toc": "toc.js",
    "chap": "chap.js"
  }
}