{
  "metadata": {
    "name": "Net Truyện",
    "author": "vBook",
    "version": 20,
    "source": "https://www.nettruyenmax.com",
    "regexp": "(www.)?(nhattruyen|nettruyen|nettruyentop|nettruyenvip|nettruyenpro|nettruyengo|nettruyenmoi|nettruyenone|nettruyenco|nettruyenme|nettruyenin|nettruyenon|nettruyentv|nettruyenmin|nettruyenking|nettruyenvi|nettruyenplus|nettruyenmax).(com|vn)/truyen-tranh/[^/]+/?$",
    "description": "Đọc truyện trên trang Net Truyện",
    "locale": "vi_VN",
    "language": "javascript",
    "type": "comic"
  },
  "script": {
    "home": "home.js",
    "genre": "genre.js",
    "detail": "detail.js",
    "search": "search.js",
    "toc": "toc.js",
    "chap": "chap.js"
  }
}