{
  "metadata": {
    "name": "Truyện Của Tui",
    "author": "vBook",
    "version": 1,
    "source": "https://truyencuatui.net",
    "regexp": "(www.)?(m.)?truyencuatui.net/truyen/[^/]+.html$",
    "description": "Đọc truyện trên trang Truyện Của Tui",
    "local": "vi-VN",
    "language": "javascript",
    "type": "novel"
  },
  "script": {
    "home": "home.js",
    "genre": "genre.js",
    "detail": "detail.js",
    "search": "search.js",
    "page": "page.js",
    "toc": "toc.js",
    "chap": "chap.js"
  }
}