{
  "metadata": {
    "name": "Hako Novel",
    "author": "vBook",
    "version": 11,
    "source": "https://docln.sbs",
    "regexp": "(www.)?(ln.hako.vn|ln.hako.re|docln.net|docln.sbs)/[^/]+/[^/]+/?$",
    "description": "Đọc truyện trên trang Hako",
    "locale": "vi_VN",
    "type": "novel",
    "language": "javascript"
  },
  "script": {
    "home": "home.js",
    "genre": "genre.js",
    "search": "search.js",
    "detail": "detail.js",
    "toc": "toc.js",
    "chap": "chap.js"
  }
}
