{
  "metadata": {
    "name": "SS Truyện",
    "author": "vBook",
    "version": 6,
    "source": "https://sstruyen.vn",
    "regexp": "(www.)?sstruyen.(com|vn)/[^/]+/?$",
    "description": "Đọc truyện trên trang SS Truyện",
    "locale": "vi_VN",
    "type": "novel",
    "language": "javascript"
  },
  "script": {
    "home": "home.js",
    "genre": "genre.js",
    "detail": "detail.js",
    "search": "search.js",
    "page": "page.js",
    "toc": "toc.js",
    "chap": "chap.js"
  }
}