{
  "metadata": {
    "name": "nHentai",
    "author": "Darkrai",
    "version": 1,
    "source": "https://nhentai.net",
    "icon": "https://raw.githubusercontent.com/Darkrai9x/extensions/master/nhentai/icon.png",
    "url": "https://raw.githubusercontent.com/Darkrai9x/extensions/master/nhentai/plugin.zip",
    "regexp": "(www.)?nhentai.net/g/\\d+/?$",
    "description": "Đọc truyện trên trang nHentai",
    "local": "local",
    "language": "javascript",
    "type": "comic"
  },
  "script": {
    "home": "home.js",
    "detail": "detail.js",
    "search": "search.js",
    "toc": "toc.js",
    "chap": "chap.js"
  }
}