{
  "metadata": {
    "name": "Cứu Truyện",
    "author": "vBook",
    "version": 4,
    "source": "https://nettrom.com",
    "regexp": "(www.)?(cuutruyen|cuutruyent9sv7|hetcuutruyen|nettrom).(net|xyz|com)/mangas/\\d+/?",
    "description": "Đọc truyện trên trang Cứu Truyện",
    "local": "vi-VN",
    "language": "javascript",
    "type": "comic"
  },
  "script": {
    "home": "home.js",
    "detail": "detail.js",
    "search": "search.js",
    "toc": "toc.js",
    "chap": "chap.js"
  }
}