{
  "metadata": {
    "name": "TruyenHayVN",
    "author": "vBook",
    "version": 3,
    "source": "https://truyenhay.com",
    "regexp": "(www.|1.)?truyenhay(vn)?.com/[^/]+/?$",
    "description": "Đọc truyện trên trang TruyenHayVN",
    "locale": "vi-VN",
    "language": "javascript",
    "type": "novel"
  },
  "script": {
    "home": "home.js",
    "genre": "genre.js",
    "detail": "detail.js",
    "search": "search.js",
    "page": "page.js",
    "toc": "toc.js",
    "chap": "chap.js"
  }
}