{
  "metadata": {
    "name": "Mê Truyện Chữ",
    "author": "Darkrai",
    "version": 4,
    "source": "https://metruyenchu.com",
    "icon": "https://raw.githubusercontent.com/Darkrai9x/extensions/master/metruyenchu/icon.png",
    "url": "https://raw.githubusercontent.com/Darkrai9x/extensions/master/metruyenchu/plugin.zip",
    "regexp": "(www.)?metruyenchu.com/truyen/[^/]+/?$",
    "description": "Đọc truyện trên trang Mê Truyện Chữ",
    "local": "vi-VN",
    "language": "lua"
  },
  "script": {
    "detail": "detail.lua",
    "toc": "toc.lua",
    "chap": "chap.lua",
    "home": "home.lua",
    "genre": "genre.lua",
    "search": "search.lua"
  }
}