{
  "metadata": {
    "name": "Tàng Thư Viện",
    "author": "Darkrai",
    "version": 1,
    "source": "https://truyen.tangthuvien.vn",
    "icon": "https://raw.githubusercontent.com/Darkrai9x/extensions/master/tangthuvien/icon.png",
    "url": "https://raw.githubusercontent.com/Darkrai9x/extensions/master/tangthuvien/plugin.zip",
    "regexp": "(www.)?(m.)?(truyen|ngontinh).tangthuvien.vn/doc-truyen/[^/]+$",
    "description": "Đọc truyện trên trang Tàng Thư Viện",
    "local": "vi-VN",
    "language": "lua"
  },
  "script": {
    "home": "home.lua",
    "genre": "genre.lua",
    "detail": "detail.lua",
    "search": "search.lua",
    "page": "page.lua",
    "toc": "toc.lua",
    "chap": "chap.lua"
  }
}