{
  "metadata": {
    "name": "Truyện VN",
    "author": "vBook",
    "version": 30,
    "source": "https://truyenvn.xyz",
    "regexp": "(www.)?truyenvn(hot|pro|moi|hay)?\\.[a-z]+/truyen-tranh/[^/]+/?$",
    "description": "Đọc truyện trên trang Truyện VN",
    "locale": "vi_VN",
    "language": "javascript",
	"type": "comic"
  },
  "script": {
    "home": "home.js",
    "genre": "genre.js",
    "detail": "detail.js",
    "search": "search.js",
    "toc": "toc.js",
    "chap": "chap.js"
  }
}