{
  "metadata": {
    "name": "TruyệnHD",
    "author": "vBook",
    "version": 6,
    "source": "https://s3.truyenhd.com",
    "regexp": "(www.)?(truyenvkl.com|s2.truyenhd.com|s3.truyenhd.com)/truyen/.*?",
    "description": "Đọc truyện trên trang TruyệnVKL",
    "locale": "vi_VN",
    "type": "novel",
    "language": "javascript",
    "tag": "nsfw"
  },
  "script": {
    "home": "home.js",
    "genre": "genre.js",
    "detail": "detail.js",
    "page": "page.js",
    "toc": "toc.js",
    "chap": "chap.js"
  }
}